concurrency,throughput,accuracy_pct,invalid_count,questions,duration_s,output_tokens,mean_tpot_ms,interactivity_mean,p90_tpot_ms_estimate,p90_tpot_lower_ms,p90_tpot_upper_ms,interactivity_p90,interactivity_p90_lower,mean_ttft_ms,mean_e2e_s,acceptance_length,draft_acceptance_pct,timestamp,mode,label,num_runs,throughput_sd,mean_tpot_ms_sd,pareto_mean,pareto_p90
8,1108.0041004122456,91.0841546626232,0,1319,116.64887546401005,129245.4,6.2912502542598165,158.95091747827044,9.01640922594559,0.0,10.0,110.90893774745176,100.0,99.10119893968422,0.7019056982845858,4.835730203700887,47.946627546261084,1791285631.903944,avoff,DSpark · AV off,5,4.914639008514193,0.03327991737867036,False,True
16,1889.6481286559135,90.91736163760424,0,1319,68.73893596658017,129896.6,7.404396312318877,135.05489952452643,9.231065030539524,0.0,10.0,108.3312273607952,100.0,114.46477172047555,0.8256411920089085,4.852958445704952,48.1619805713119,1791285714.0179484,avoff,DSpark · AV off,5,12.040353699660676,0.033501273142562224,True,True
32,3145.4648911846657,91.03866565579985,0,1319,41.18047435702756,129488.6,8.748574238579174,114.30433951057225,16.49506114041806,10.0,25.0,60.662613781679084,40.0,131.97761923187696,0.9711014809800061,4.843020348036097,48.03775435045121,1791285768.6801505,avoff,DSpark · AV off,5,57.2709198690903,0.04474172192610963,True,True
64,4868.557363656057,91.0841546626232,0,1319,26.754779619397596,129816.8,10.690838093989623,93.53803613976709,22.6102444323187,10.0,25.0,44.22791384258539,40.0,162.88088443516057,1.186234123296499,4.860939978234479,48.26174972793099,1791285808.872987,avoff,DSpark · AV off,5,287.36393374835643,0.05642896245171103,False,False
128,7216.1408214962075,91.1144806671721,0.2,1319,18.035598116205072,129745.2,14.038224334471037,71.23408033482464,23.45139071693262,10.0,25.0,42.6414032063774,40.0,223.60495881116057,1.5631678699814433,4.854420572558531,48.18025715698164,1791285840.3325741,avoff,DSpark · AV off,5,407.14593876278786,0.0931463182548248,True,True
256,7900.371572077886,90.76573161485975,0,1319,16.637679031374866,129520.8,21.725798641521227,46.0282273853377,38.739502492126086,25.0,50.0,25.90888789593592,20.0,398.17081155697446,2.452644894103194,4.8596872020754995,48.24609002594374,1791285870.403035,avoff,DSpark · AV off,5,1038.617694856969,0.5918247217660678,False,False
8,1114.1494885834416,91.55420773313116,0,1319,117.08082999656908,130454.4,6.3119944775315675,158.42852897917462,9.023281477980925,0.0,10.0,110.82469884592703,100.0,97.1470674119997,0.7059393961200034,4.692657187827068,46.15821484783835,1791283063.5835235,avon,DSpark · AV on,5,10.8546884796467,0.02568173086097046,False,True
16,1877.15204383331,91.46322971948446,0,1319,69.06612254679203,129651.2,7.488211142905056,133.54324296096829,9.248308578989914,0.0,10.0,108.12905399713586,100.0,110.40213026722061,0.827996357288028,4.6946140528657,46.182675660821246,1791283146.0246582,avon,DSpark · AV on,5,11.514424596575537,0.0191292591505784,False,False
32,3141.510896001147,91.15996967399546,0,1319,41.07067930698395,129005.4,8.80545264336046,113.5659960370153,17.22431414215561,10.0,25.0,58.064558756307534,40.0,127.96647958994092,0.9700612323405257,4.651567975297323,45.644599691216534,1791283200.4619873,avon,DSpark · AV on,5,31.972540854040787,0.017777411058386428,False,False
64,4988.424364195972,90.96285064442759,0,1319,25.938160631200297,128879.8,10.57751919514737,94.54012623855773,22.528062186561453,10.0,25.0,44.38909255199462,40.0,153.7884513386458,1.1608822073875005,4.611834298516368,45.147928731454606,1791283239.83975,avon,DSpark · AV on,5,299.18629863619606,0.04894565501443683,True,True
128,6767.902693432678,90.88703563305535,0,1319,19.26096551278606,129441,14.07874735286677,71.0290464724034,23.438140444002663,10.0,25.0,42.66551684223541,40.0,207.22458378847483,1.5454650491001571,4.318869542349039,41.485869279362994,1791283272.453159,avon,DSpark · AV on,5,636.3557448116062,0.13476802093477094,False,True
256,9188.066503217273,90.9325246398787,0.2,1319,14.276028091390618,128974.8,18.13089234930254,55.15448333895536,23.945371450589885,10.0,25.0,41.762995901276646,40.0,337.23377031842534,2.0513160130758914,4.297797484541813,41.22246855677266,1791283300.8638406,avon,DSpark · AV on,5,1343.9808447164644,0.3060391630550217,True,False
8,1123.1910184032533,91.0235026535254,0,1319,115.9385667738039,130224.4,6.253879877855797,159.90073674757878,9.0315383539283,0.0,10.0,110.72361216409736,100.0,96.76524994498044,0.6986266743874713,4.722024654102045,46.525308176275566,1791275836.753018,reclaim,DSpark · AV on + padding reclaim,5,8.181056498766589,0.025765895510174826,True,True
16,1861.4380998648999,91.22062168309326,0.2,1319,68.9193425025791,128265.8,7.445723040913045,134.30529103824594,9.25132435034774,0.0,10.0,108.09535843652596,100.0,111.24199335099712,0.8189317061197947,4.734811117307474,46.68513896634342,1791275919.0730734,reclaim,DSpark · AV on + padding reclaim,5,17.394431856817917,0.04671962304964634,False,False
32,3092.0599089414595,90.7202426080364,0,1319,42.20088867961895,130257.6,8.751591205742544,114.26493496906352,16.37275662823842,10.0,25.0,61.128076638359744,40.0,129.83288515508852,0.9704642660605175,4.703131988501804,46.289149856272545,1791275974.6594484,reclaim,DSpark · AV on + padding reclaim,5,132.54404031272264,0.052364215049569784,False,True
64,4972.370007883477,90.72024260803639,0.4,1319,26.577614910178816,131669,10.466741635556097,95.54071695081734,22.42414300696431,10.0,25.0,44.59534856046776,40.0,155.93411081934445,1.1660816179612443,4.65028995542165,45.62862444277063,1791276014.5780008,reclaim,DSpark · AV on + padding reclaim,5,313.1744406546484,0.060619305311959644,True,True
128,6982.344178922199,91.144806671721,0,1319,18.67976777779404,129332.6,14.051856668436168,71.16497297088429,23.44470123032234,10.0,25.0,42.65356790624683,40.0,204.61905817808392,1.539508762280086,4.312591817436521,41.40739771795652,1791276046.586535,reclaim,DSpark · AV on + padding reclaim,5,653.0483751327542,0.13087880165292956,False,True
256,9786.262824461586,90.94768764215314,0,1319,13.42860664522741,129403.8,18.15375753261733,55.085014670008334,23.89121839535808,10.0,25.0,41.8565153495606,40.0,332.52657271407605,2.051741151289112,4.302302650090015,41.278783126125184,1791276073.3872013,reclaim,DSpark · AV on + padding reclaim,5,1230.4706395756314,0.1164434201868352,True,True
