metric,variant,value,block,repetition,model
Reported cache tokens,vllm_baseline,2134931.0,8,1,27B
128K seq equivalents (est.),vllm_baseline,16.29,8,1,27B
Configured request limit,vllm_baseline,32.0,8,1,27B
Reported cache tokens,vllm_dflash,1413914.0,8,1,27B
128K seq equivalents (est.),vllm_dflash,10.79,8,1,27B
Configured request limit,vllm_dflash,32.0,8,1,27B
Reported cache tokens,sglang_baseline,2140480.0,8,1,27B
128K seq equivalents (est.),sglang_baseline,16.33,8,1,27B
Configured request limit,sglang_baseline,32.0,8,1,27B
Reported cache tokens,sglang_dflash,1300975.0,8,1,27B
128K seq equivalents (est.),sglang_dflash,9.93,8,1,27B
Configured request limit,sglang_dflash,32.0,8,1,27B
Reported cache tokens,pr2_dflash,1413914.0,8,1,27B
128K seq equivalents (est.),pr2_dflash,10.79,8,1,27B
Configured request limit,pr2_dflash,32.0,8,1,27B
Reported cache tokens,vllm_baseline,5037287.0,8,1,4B
128K seq equivalents (est.),vllm_baseline,38.43,8,1,4B
Configured request limit,vllm_baseline,32.0,8,1,4B
Reported cache tokens,vllm_dflash,3369399.0,8,1,4B
128K seq equivalents (est.),vllm_dflash,25.71,8,1,4B
Configured request limit,vllm_dflash,32.0,8,1,4B
Reported cache tokens,sglang_baseline,5128384.0,8,1,4B
128K seq equivalents (est.),sglang_baseline,39.13,8,1,4B
Configured request limit,sglang_baseline,32.0,8,1,4B
Reported cache tokens,sglang_dflash,2795991.0,8,1,4B
128K seq equivalents (est.),sglang_dflash,21.33,8,1,4B
Configured request limit,sglang_dflash,32.0,8,1,4B
Reported cache tokens,pr2_dflash,3369399.0,8,1,4B
128K seq equivalents (est.),pr2_dflash,25.71,8,1,4B
Configured request limit,pr2_dflash,32.0,8,1,4B
Reported cache tokens,vllm_baseline,6380032.0,8,1,35B-A3B
128K seq equivalents (est.),vllm_baseline,48.68,8,1,35B-A3B
Configured request limit,vllm_baseline,32.0,8,1,35B-A3B
Reported cache tokens,vllm_dflash,2838836.0,8,1,35B-A3B
128K seq equivalents (est.),vllm_dflash,21.66,8,1,35B-A3B
Configured request limit,vllm_dflash,32.0,8,1,35B-A3B
Reported cache tokens,sglang_baseline,6697728.0,8,1,35B-A3B
128K seq equivalents (est.),sglang_baseline,51.1,8,1,35B-A3B
Configured request limit,sglang_baseline,32.0,8,1,35B-A3B
Reported cache tokens,sglang_dflash,2841513.0,8,1,35B-A3B
128K seq equivalents (est.),sglang_dflash,21.68,8,1,35B-A3B
Configured request limit,sglang_dflash,32.0,8,1,35B-A3B
Reported cache tokens,pr2_dflash,2838836.0,8,1,35B-A3B
128K seq equivalents (est.),pr2_dflash,21.66,8,1,35B-A3B
Configured request limit,pr2_dflash,32.0,8,1,35B-A3B
Reported cache tokens,vllm_baseline,2134931.0,8,2,27B
128K seq equivalents (est.),vllm_baseline,16.29,8,2,27B
Configured request limit,vllm_baseline,32.0,8,2,27B
Reported cache tokens,vllm_dflash,1437032.0,8,2,27B
128K seq equivalents (est.),vllm_dflash,10.96,8,2,27B
Configured request limit,vllm_dflash,32.0,8,2,27B
Reported cache tokens,sglang_baseline,2140480.0,8,2,27B
128K seq equivalents (est.),sglang_baseline,16.33,8,2,27B
Configured request limit,sglang_baseline,32.0,8,2,27B
Reported cache tokens,sglang_dflash,1300975.0,8,2,27B
128K seq equivalents (est.),sglang_dflash,9.93,8,2,27B
Configured request limit,sglang_dflash,32.0,8,2,27B
Reported cache tokens,pr2_dflash,1437032.0,8,2,27B
128K seq equivalents (est.),pr2_dflash,10.96,8,2,27B
Configured request limit,pr2_dflash,32.0,8,2,27B
Reported cache tokens,vllm_baseline,5037287.0,8,2,4B
128K seq equivalents (est.),vllm_baseline,38.43,8,2,4B
Configured request limit,vllm_baseline,32.0,8,2,4B
Reported cache tokens,vllm_dflash,3390055.0,8,2,4B
128K seq equivalents (est.),vllm_dflash,25.86,8,2,4B
Configured request limit,vllm_dflash,32.0,8,2,4B
Reported cache tokens,sglang_baseline,5128384.0,8,2,4B
128K seq equivalents (est.),sglang_baseline,39.13,8,2,4B
Configured request limit,sglang_baseline,32.0,8,2,4B
Reported cache tokens,sglang_dflash,2795991.0,8,2,4B
128K seq equivalents (est.),sglang_dflash,21.33,8,2,4B
Configured request limit,sglang_dflash,32.0,8,2,4B
Reported cache tokens,pr2_dflash,3391236.0,8,2,4B
128K seq equivalents (est.),pr2_dflash,25.87,8,2,4B
Configured request limit,pr2_dflash,32.0,8,2,4B
Reported cache tokens,vllm_baseline,6380032.0,8,2,35B-A3B
128K seq equivalents (est.),vllm_baseline,48.68,8,2,35B-A3B
Configured request limit,vllm_baseline,32.0,8,2,35B-A3B
Reported cache tokens,vllm_dflash,2857007.0,8,2,35B-A3B
128K seq equivalents (est.),vllm_dflash,21.8,8,2,35B-A3B
Configured request limit,vllm_dflash,32.0,8,2,35B-A3B
Reported cache tokens,sglang_baseline,6697728.0,8,2,35B-A3B
128K seq equivalents (est.),sglang_baseline,51.1,8,2,35B-A3B
Configured request limit,sglang_baseline,32.0,8,2,35B-A3B
Reported cache tokens,sglang_dflash,2841513.0,8,2,35B-A3B
128K seq equivalents (est.),sglang_dflash,21.68,8,2,35B-A3B
Configured request limit,sglang_dflash,32.0,8,2,35B-A3B
Reported cache tokens,pr2_dflash,2856956.0,8,2,35B-A3B
128K seq equivalents (est.),pr2_dflash,21.8,8,2,35B-A3B
Configured request limit,pr2_dflash,32.0,8,2,35B-A3B
Reported cache tokens,vllm_baseline,2134931.0,8,3,27B
128K seq equivalents (est.),vllm_baseline,16.29,8,3,27B
Configured request limit,vllm_baseline,32.0,8,3,27B
Reported cache tokens,vllm_dflash,1437032.0,8,3,27B
128K seq equivalents (est.),vllm_dflash,10.96,8,3,27B
Configured request limit,vllm_dflash,32.0,8,3,27B
Reported cache tokens,sglang_baseline,2140480.0,8,3,27B
128K seq equivalents (est.),sglang_baseline,16.33,8,3,27B
Configured request limit,sglang_baseline,32.0,8,3,27B
Reported cache tokens,sglang_dflash,1300975.0,8,3,27B
128K seq equivalents (est.),sglang_dflash,9.93,8,3,27B
Configured request limit,sglang_dflash,32.0,8,3,27B
Reported cache tokens,pr2_dflash,1436938.0,8,3,27B
128K seq equivalents (est.),pr2_dflash,10.96,8,3,27B
Configured request limit,pr2_dflash,32.0,8,3,27B
Reported cache tokens,vllm_baseline,5035701.0,8,3,4B
128K seq equivalents (est.),vllm_baseline,38.42,8,3,4B
Configured request limit,vllm_baseline,32.0,8,3,4B
Reported cache tokens,vllm_dflash,3390080.0,8,3,4B
128K seq equivalents (est.),vllm_dflash,25.86,8,3,4B
Configured request limit,vllm_dflash,32.0,8,3,4B
Reported cache tokens,sglang_baseline,5128384.0,8,3,4B
128K seq equivalents (est.),sglang_baseline,39.13,8,3,4B
Configured request limit,sglang_baseline,32.0,8,3,4B
Reported cache tokens,sglang_dflash,2795991.0,8,3,4B
128K seq equivalents (est.),sglang_dflash,21.33,8,3,4B
Configured request limit,sglang_dflash,32.0,8,3,4B
Reported cache tokens,pr2_dflash,3390281.0,8,3,4B
128K seq equivalents (est.),pr2_dflash,25.87,8,3,4B
Configured request limit,pr2_dflash,32.0,8,3,4B
Reported cache tokens,vllm_baseline,6380032.0,8,3,35B-A3B
128K seq equivalents (est.),vllm_baseline,48.68,8,3,35B-A3B
Configured request limit,vllm_baseline,32.0,8,3,35B-A3B
Reported cache tokens,vllm_dflash,2856503.0,8,3,35B-A3B
128K seq equivalents (est.),vllm_dflash,21.79,8,3,35B-A3B
Configured request limit,vllm_dflash,32.0,8,3,35B-A3B
Reported cache tokens,sglang_baseline,6697728.0,8,3,35B-A3B
128K seq equivalents (est.),sglang_baseline,51.1,8,3,35B-A3B
Configured request limit,sglang_baseline,32.0,8,3,35B-A3B
Reported cache tokens,sglang_dflash,2841513.0,8,3,35B-A3B
128K seq equivalents (est.),sglang_dflash,21.68,8,3,35B-A3B
Configured request limit,sglang_dflash,32.0,8,3,35B-A3B
Reported cache tokens,pr2_dflash,2856805.0,8,3,35B-A3B
128K seq equivalents (est.),pr2_dflash,21.8,8,3,35B-A3B
Configured request limit,pr2_dflash,32.0,8,3,35B-A3B
Reported cache tokens,vllm_baseline,2134931.0,16,1,27B
128K seq equivalents (est.),vllm_baseline,16.29,16,1,27B
Configured request limit,vllm_baseline,32.0,16,1,27B
Reported cache tokens,vllm_dflash,1126472.0,16,1,27B
128K seq equivalents (est.),vllm_dflash,8.59,16,1,27B
Configured request limit,vllm_dflash,32.0,16,1,27B
Reported cache tokens,sglang_baseline,2140480.0,16,1,27B
128K seq equivalents (est.),sglang_baseline,16.33,16,1,27B
Configured request limit,sglang_baseline,32.0,16,1,27B
Reported cache tokens,sglang_dflash,1071151.0,16,1,27B
128K seq equivalents (est.),sglang_dflash,8.17,16,1,27B
Configured request limit,sglang_dflash,32.0,16,1,27B
Reported cache tokens,pr2_dflash,1126456.0,16,1,27B
128K seq equivalents (est.),pr2_dflash,8.59,16,1,27B
Configured request limit,pr2_dflash,32.0,16,1,27B
Reported cache tokens,vllm_baseline,5035701.0,16,1,4B
128K seq equivalents (est.),vllm_baseline,38.42,16,1,4B
Configured request limit,vllm_baseline,32.0,16,1,4B
Reported cache tokens,vllm_dflash,2844760.0,16,1,4B
128K seq equivalents (est.),vllm_dflash,21.7,16,1,4B
Configured request limit,vllm_dflash,32.0,16,1,4B
Reported cache tokens,sglang_baseline,5128384.0,16,1,4B
128K seq equivalents (est.),sglang_baseline,39.13,16,1,4B
Configured request limit,sglang_baseline,32.0,16,1,4B
Reported cache tokens,sglang_dflash,2674702.0,16,1,4B
128K seq equivalents (est.),sglang_dflash,20.41,16,1,4B
Configured request limit,sglang_dflash,32.0,16,1,4B
Reported cache tokens,pr2_dflash,2844760.0,16,1,4B
128K seq equivalents (est.),pr2_dflash,21.7,16,1,4B
Configured request limit,pr2_dflash,32.0,16,1,4B
Reported cache tokens,vllm_baseline,6344192.0,16,1,35B-A3B
128K seq equivalents (est.),vllm_baseline,48.4,16,1,35B-A3B
Configured request limit,vllm_baseline,32.0,16,1,35B-A3B
Reported cache tokens,vllm_dflash,1959911.0,16,1,35B-A3B
128K seq equivalents (est.),vllm_dflash,14.95,16,1,35B-A3B
Configured request limit,vllm_dflash,32.0,16,1,35B-A3B
Reported cache tokens,sglang_baseline,6697728.0,16,1,35B-A3B
128K seq equivalents (est.),sglang_baseline,51.1,16,1,35B-A3B
Configured request limit,sglang_baseline,32.0,16,1,35B-A3B
Reported cache tokens,sglang_dflash,2648553.0,16,1,35B-A3B
128K seq equivalents (est.),sglang_dflash,20.21,16,1,35B-A3B
Configured request limit,sglang_dflash,32.0,16,1,35B-A3B
Reported cache tokens,pr2_dflash,1959911.0,16,1,35B-A3B
128K seq equivalents (est.),pr2_dflash,14.95,16,1,35B-A3B
Configured request limit,pr2_dflash,32.0,16,1,35B-A3B
Reported cache tokens,vllm_baseline,2134931.0,16,2,27B
128K seq equivalents (est.),vllm_baseline,16.29,16,2,27B
Configured request limit,vllm_baseline,32.0,16,2,27B
Reported cache tokens,vllm_dflash,1145334.0,16,2,27B
128K seq equivalents (est.),vllm_dflash,8.74,16,2,27B
Configured request limit,vllm_dflash,32.0,16,2,27B
Reported cache tokens,sglang_baseline,2140480.0,16,2,27B
128K seq equivalents (est.),sglang_baseline,16.33,16,2,27B
Configured request limit,sglang_baseline,32.0,16,2,27B
Reported cache tokens,sglang_dflash,1071151.0,16,2,27B
128K seq equivalents (est.),sglang_dflash,8.17,16,2,27B
Configured request limit,sglang_dflash,32.0,16,2,27B
Reported cache tokens,pr2_dflash,1130705.0,16,2,27B
128K seq equivalents (est.),pr2_dflash,8.63,16,2,27B
Configured request limit,pr2_dflash,32.0,16,2,27B
Reported cache tokens,vllm_baseline,5035701.0,16,2,4B
128K seq equivalents (est.),vllm_baseline,38.42,16,2,4B
Configured request limit,vllm_baseline,32.0,16,2,4B
Reported cache tokens,vllm_dflash,2862364.0,16,2,4B
128K seq equivalents (est.),vllm_dflash,21.84,16,2,4B
Configured request limit,vllm_dflash,32.0,16,2,4B
Reported cache tokens,sglang_baseline,5128384.0,16,2,4B
128K seq equivalents (est.),sglang_baseline,39.13,16,2,4B
Configured request limit,sglang_baseline,32.0,16,2,4B
Reported cache tokens,sglang_dflash,2674702.0,16,2,4B
128K seq equivalents (est.),sglang_dflash,20.41,16,2,4B
Configured request limit,sglang_dflash,32.0,16,2,4B
Reported cache tokens,pr2_dflash,2862364.0,16,2,4B
128K seq equivalents (est.),pr2_dflash,21.84,16,2,4B
Configured request limit,pr2_dflash,32.0,16,2,4B
Reported cache tokens,vllm_baseline,6380032.0,16,2,35B-A3B
128K seq equivalents (est.),vllm_baseline,48.68,16,2,35B-A3B
Configured request limit,vllm_baseline,32.0,16,2,35B-A3B
Reported cache tokens,vllm_dflash,1971091.0,16,2,35B-A3B
128K seq equivalents (est.),vllm_dflash,15.04,16,2,35B-A3B
Configured request limit,vllm_dflash,32.0,16,2,35B-A3B
Reported cache tokens,sglang_baseline,6697728.0,16,2,35B-A3B
128K seq equivalents (est.),sglang_baseline,51.1,16,2,35B-A3B
Configured request limit,sglang_baseline,32.0,16,2,35B-A3B
Reported cache tokens,sglang_dflash,2648553.0,16,2,35B-A3B
128K seq equivalents (est.),sglang_dflash,20.21,16,2,35B-A3B
Configured request limit,sglang_dflash,32.0,16,2,35B-A3B
Reported cache tokens,pr2_dflash,1971091.0,16,2,35B-A3B
128K seq equivalents (est.),pr2_dflash,15.04,16,2,35B-A3B
Configured request limit,pr2_dflash,32.0,16,2,35B-A3B
Reported cache tokens,vllm_baseline,2134931.0,16,3,27B
128K seq equivalents (est.),vllm_baseline,16.29,16,3,27B
Configured request limit,vllm_baseline,32.0,16,3,27B
Reported cache tokens,vllm_dflash,1145334.0,16,3,27B
128K seq equivalents (est.),vllm_dflash,8.74,16,3,27B
Configured request limit,vllm_dflash,32.0,16,3,27B
Reported cache tokens,sglang_baseline,2140480.0,16,3,27B
128K seq equivalents (est.),sglang_baseline,16.33,16,3,27B
Configured request limit,sglang_baseline,32.0,16,3,27B
Reported cache tokens,sglang_dflash,1071151.0,16,3,27B
128K seq equivalents (est.),sglang_dflash,8.17,16,3,27B
Configured request limit,sglang_dflash,32.0,16,3,27B
Reported cache tokens,pr2_dflash,1145334.0,16,3,27B
128K seq equivalents (est.),pr2_dflash,8.74,16,3,27B
Configured request limit,pr2_dflash,32.0,16,3,27B
Reported cache tokens,vllm_baseline,5037287.0,16,3,4B
128K seq equivalents (est.),vllm_baseline,38.43,16,3,4B
Configured request limit,vllm_baseline,32.0,16,3,4B
Reported cache tokens,vllm_dflash,2862364.0,16,3,4B
128K seq equivalents (est.),vllm_dflash,21.84,16,3,4B
Configured request limit,vllm_dflash,32.0,16,3,4B
Reported cache tokens,sglang_baseline,5128384.0,16,3,4B
128K seq equivalents (est.),sglang_baseline,39.13,16,3,4B
Configured request limit,sglang_baseline,32.0,16,3,4B
Reported cache tokens,sglang_dflash,2674702.0,16,3,4B
128K seq equivalents (est.),sglang_dflash,20.41,16,3,4B
Configured request limit,sglang_dflash,32.0,16,3,4B
Reported cache tokens,pr2_dflash,2862364.0,16,3,4B
128K seq equivalents (est.),pr2_dflash,21.84,16,3,4B
Configured request limit,pr2_dflash,32.0,16,3,4B
Reported cache tokens,vllm_baseline,6380032.0,16,3,35B-A3B
128K seq equivalents (est.),vllm_baseline,48.68,16,3,35B-A3B
Configured request limit,vllm_baseline,32.0,16,3,35B-A3B
Reported cache tokens,vllm_dflash,1971091.0,16,3,35B-A3B
128K seq equivalents (est.),vllm_dflash,15.04,16,3,35B-A3B
Configured request limit,vllm_dflash,32.0,16,3,35B-A3B
Reported cache tokens,sglang_baseline,6697728.0,16,3,35B-A3B
128K seq equivalents (est.),sglang_baseline,51.1,16,3,35B-A3B
Configured request limit,sglang_baseline,32.0,16,3,35B-A3B
Reported cache tokens,sglang_dflash,2648553.0,16,3,35B-A3B
128K seq equivalents (est.),sglang_dflash,20.21,16,3,35B-A3B
Configured request limit,sglang_dflash,32.0,16,3,35B-A3B
Reported cache tokens,pr2_dflash,1971091.0,16,3,35B-A3B
128K seq equivalents (est.),pr2_dflash,15.04,16,3,35B-A3B
Configured request limit,pr2_dflash,32.0,16,3,35B-A3B
