concurrency,throughput,mean_tpot_ms,acceptance_length,mode,label,num_runs,interactivity_mean,throughput_sd,mean_tpot_ms_sd
8,2048.828887759594,3.649039801973836,3.6621616652277917,avon,DSpark · AV on,10,274.0446951165292,38.984015975924876,0.06696168467975265
16,3161.108267747477,4.722601047610124,3.6572613469588884,avon,DSpark · AV on,10,211.74771908926138,38.604067928347504,0.06607805323562096
32,4518.746539932979,6.588538285667411,3.6432883903783044,avon,DSpark · AV on,10,151.77873401379213,47.53425001702863,0.06526612674030334
64,6207.949054030664,9.525107584414208,3.6096165254156776,avon,DSpark · AV on,10,104.98569083212091,113.32575731035327,0.18941280419449422
128,8928.16901145805,13.143502667362089,3.463896288841963,avon,DSpark · AV on,10,76.08321961870921,140.98551390340586,0.2073132945076405
256,13972.43250313054,16.31876233843229,3.409557813105395,avon,DSpark · AV on,10,61.27915703784114,315.53844692104923,0.41501958784979004
8,2047.1007177168353,3.642852212692537,3.683835514453234,reclaim,DSpark · AV on + padding reclaim,10,274.5101754377434,31.326020789867915,0.058334613091863
16,3157.3261322665426,4.718418667756201,3.686223214902606,reclaim,DSpark · AV on + padding reclaim,10,211.93541108032713,35.83209039777893,0.05968144999055665
32,4500.304975507518,6.608748504603945,3.6787443570280693,reclaim,DSpark · AV on + padding reclaim,10,151.31457934938152,72.0365635399081,0.12002868648756274
64,6169.069894067143,9.58275638932145,3.6332352199759668,reclaim,DSpark · AV on + padding reclaim,10,104.35410850205382,120.83612317453536,0.20121860210039952
128,9006.816522171091,13.013423691273395,3.5104016836803438,reclaim,DSpark · AV on + padding reclaim,10,76.84372873147785,328.03571029840487,0.5084996563530877
256,13456.641464807202,17.021204966227497,3.4316900630883254,reclaim,DSpark · AV on + padding reclaim,10,58.75024723479583,521.6317059828394,0.7186210576010649
