k,concurrency,questions,no-av,no-av_sd,no-av_al,no-av_interactivity,av,av_sd,av_al,av_interactivity,change_percent
7,1,64,771.266927287838,2.274142902805176,4.920072661217075,990.2847559893543,749.9465522310599,0.44528558091559434,4.855396354478216,959.3662293534479,-2.7643315566183158
7,8,64,2250.576901613156,17.40813335669926,4.9530293403711125,370.0132295972701,2249.8518490987253,2.340412749253988,4.858634586548707,365.50293304340505,-0.03221629591555475
7,16,128,3246.5265399511563,58.341372663031954,5.024493089370932,253.46091668686344,3142.665911459273,11.197128740819718,4.493712880988553,240.5121160872342,-3.1991307390773938
7,32,256,4531.290842444969,93.92974877801107,5.192971018810379,178.46947024156563,4366.184593428481,43.21408316774877,5.099814669140963,170.57078426480138,-3.643691273796068
7,64,512,6143.358673626286,89.75142436179101,5.1771807700674355,117.75680123119922,6193.3090611845155,106.42333237648691,4.878338673662323,118.47166516919394,0.8130794604695346
7,128,1024,9245.722581832735,7.116784290225774,5.1858635922853145,89.37535895195413,9386.486340450656,106.35046855030087,5.091179513685426,91.3638153547116,1.5224743915041694
7,256,1319,10039.090315589987,0.12308547159851627,5.177681791495429,49.33652040960474,10472.49223400555,69.19788822432666,5.01016137137566,51.72533716539254,4.3171433346158805
15,1,64,657.4391704817999,0.20738247218040393,5.321951219512195,810.6188921009938,704.554123742652,16.624995313664407,4.986952028940266,903.7573228264388,7.166435371705071
15,8,64,2138.1179658210767,11.798335621740353,5.305232558139535,343.47358272713296,2238.0369458405958,23.16519441998189,5.1551095894738665,358.2979490841944,4.673221104577752
15,16,128,3082.0562553474656,38.893851307811296,5.4144827295711595,242.7628732583033,3197.002644489267,85.58291873758687,5.2354314121819625,251.11796269322784,3.7295357261038165
15,32,256,3995.147529259627,84.95741547165912,5.628468899521531,155.45648679214628,4458.16770161186,114.5813038381097,5.420223801452521,174.63997776094664,11.589563813630654
15,64,512,6068.778543348114,104.59779232993647,5.613134398496241,114.21485284049368,6305.649769919222,31.561240246003166,5.277087613208018,119.65099180381192,3.9031120493058458
15,128,1024,7400.702143265905,7.508371519750473,5.632781301385952,69.39405227102564,9063.807800729306,20.110359823293564,5.495285509345337,84.98359807753803,22.472268512747885
15,256,1319,7713.878545415976,8.463152793781003,5.609346309217774,46.5615267176536,9745.040167377756,61.30826089836422,5.471654770611991,62.227191620868,26.33126267160133
